networkCanvasEgoUUID,ego_id,sessionStart,sessionFinish,ego_gender,ego_age,ego_lang,mean_cs_global,n_cs_dyads,mean_interaction_global,mean_closeness_global,Spanish,English,Spanish-English,cs_context_community,cs_context_family,cs_context_school,cs_context_social,cs_context_work,n_context_community,n_context_family,n_context_school,n_context_social,n_context_work,n_alters_lang_homophily,prop_spanish_homophily,prop_english_homophily,n_spanish_homophily,n_english_homophily
4bc7e51b-a8af-4881-982e-12cfb2b1e9e3,annbea01,2026-04-20T09:00:00Z,2026-04-20T11:05:00Z,female,28,"English,Spanish",4,15,2.8666666666666667,2.533333333333333,NA,NA,1,4,4,4,4,4,5,3,1,5,1,15,1,1,15,15
fe801e88-5207-4550-a877-b072e25bebf4,carrod02,2026-04-20T09:00:00Z,2026-04-20T11:05:00Z,male,34,"English,Spanish",NA,0,2.466666666666667,2.8,0.4666666666666667,0.5333333333333333,NA,NA,NA,NA,NA,NA,3,1,4,5,2,15,0.4666666666666667,0.5333333333333333,7,8
f68dccfc-29d6-47ab-ab7e-93b5ace9c226,davlop07,2026-04-20T09:00:00Z,2026-04-20T11:05:00Z,male,38,English,2.3333333333333335,3,3.2666666666666666,2.8666666666666667,NA,0.8,0.2,2,NA,3,2,NA,4,1,5,2,3,15,0.2,1,3,15
96f49992-a293-45b1-bd84-ccedf42d66fc,isaben08,2026-04-20T09:00:00Z,2026-04-20T11:05:00Z,female,22,"English,Spanish",3.4,5,3.4,3.3333333333333335,0.3333333333333333,0.3333333333333333,0.3333333333333333,3.5,NA,NA,NA,3.3333333333333335,2,5,5,NA,3,15,0.6666666666666666,0.6666666666666666,10,10
22e0f2c8-ddde-4271-bb6b-e9ec7fa6da6b,josmar03,2026-04-20T09:00:00Z,2026-04-20T11:05:00Z,non_binary,26,"English,Spanish",NA,0,3.066666666666667,2.466666666666667,0.4666666666666667,0.5333333333333333,NA,NA,NA,NA,NA,NA,2,3,3,5,2,15,0.4666666666666667,0.5333333333333333,7,8
82d2ef44-8636-4214-ba7b-4694793321d2,luiher04,2026-04-20T09:00:00Z,2026-04-20T11:05:00Z,male,31,"English,Spanish",3.4,5,2.8,2.8666666666666667,0.3333333333333333,0.3333333333333333,0.3333333333333333,NA,NA,4,2.5,NA,5,NA,5,4,1,15,0.6666666666666666,0.6666666666666666,10,10
28202870-0e8a-4600-9434-c280eff762cd,marsan05,2026-04-20T09:00:00Z,2026-04-20T11:05:00Z,female,23,"English,Spanish",4,15,3.2,3.2666666666666666,NA,NA,1,4,4,4,4,4,2,4,2,3,4,15,1,1,15,15
06029b97-694c-41b8-807e-4cb07dca16a8,sofrom06,2026-04-20T09:00:00Z,2026-04-20T11:05:00Z,female,29,"English,Spanish",2.066666666666667,15,3.533333333333333,3.466666666666667,NA,NA,1,3,4,1,2,1,2,3,4,3,3,15,1,1,15,15
aff41946-2537-401a-a542-d53d6c177529,tomgar09,2026-04-20T09:00:00Z,2026-04-20T11:05:00Z,male,45,"English,Spanish",NA,0,2.6,3.066666666666667,0.4666666666666667,0.5333333333333333,NA,NA,NA,NA,NA,NA,1,2,2,6,4,15,0.4666666666666667,0.5333333333333333,7,8
