networkCanvasEgoUUID,ego_id,sessionStart,sessionFinish,ego_gender,ego_age,ego_lang
4bc7e51b-a8af-4881-982e-12cfb2b1e9e3,annbea01,2026-04-20T09:00:00Z,2026-04-20T11:05:00Z,female,28,"English,Spanish"
fe801e88-5207-4550-a877-b072e25bebf4,carrod02,2026-04-20T09:00:00Z,2026-04-20T11:05:00Z,male,34,"English,Spanish"
f68dccfc-29d6-47ab-ab7e-93b5ace9c226,davlop07,2026-04-20T09:00:00Z,2026-04-20T11:05:00Z,male,38,English
96f49992-a293-45b1-bd84-ccedf42d66fc,isaben08,2026-04-20T09:00:00Z,2026-04-20T11:05:00Z,female,22,"English,Spanish"
22e0f2c8-ddde-4271-bb6b-e9ec7fa6da6b,josmar03,2026-04-20T09:00:00Z,2026-04-20T11:05:00Z,non_binary,26,"English,Spanish"
82d2ef44-8636-4214-ba7b-4694793321d2,luiher04,2026-04-20T09:00:00Z,2026-04-20T11:05:00Z,male,31,"English,Spanish"
28202870-0e8a-4600-9434-c280eff762cd,marsan05,2026-04-20T09:00:00Z,2026-04-20T11:05:00Z,female,23,"English,Spanish"
06029b97-694c-41b8-807e-4cb07dca16a8,sofrom06,2026-04-20T09:00:00Z,2026-04-20T11:05:00Z,female,29,"English,Spanish"
aff41946-2537-401a-a542-d53d6c177529,tomgar09,2026-04-20T09:00:00Z,2026-04-20T11:05:00Z,male,45,"English,Spanish"
