"networkCanvasEgoUUID","language_betweenness","n_valid_pairs","language_betweenness_normalized","ego_id.x","ei_index_density","ego_id.y"
"06029b97-694c-41b8-807e-4cb07dca16a8",0,0,NA,"sofrom06",NA,"sofrom06"
"22e0f2c8-ddde-4271-bb6b-e9ec7fa6da6b",23.2,56,0.414285714285714,"josmar03",-0.409961685823755,"josmar03"
"28202870-0e8a-4600-9434-c280eff762cd",0,0,NA,"marsan05",NA,"marsan05"
"4bc7e51b-a8af-4881-982e-12cfb2b1e9e3",0,0,NA,"annbea01",NA,"annbea01"
"82d2ef44-8636-4214-ba7b-4694793321d2",39.75,75,0.53,"luiher04",-0.264367816091954,"luiher04"
"96f49992-a293-45b1-bd84-ccedf42d66fc",41.4166666666667,75,0.552222222222222,"isaben08",-0.0526315789473684,"isaben08"
"aff41946-2537-401a-a542-d53d6c177529",56,56,1,"tomgar09",-1,"tomgar09"
"f68dccfc-29d6-47ab-ab7e-93b5ace9c226",16.0833333333333,36,0.446759259259259,"davlop07",-0.336082474226804,"davlop07"
"fe801e88-5207-4550-a877-b072e25bebf4",56,56,1,"carrod02",-1,"carrod02"
