edgeID,from,to,networkCanvasEgoUUID,networkCanvasUUID,networkCanvasSourceUUID,networkCanvasTargetUUID
1,1,3,4bc7e51b-a8af-4881-982e-12cfb2b1e9e3,8ed808b5-e036-47c0-ae42-65bdf728b207,e3b6a145-be19-4e17-b323-49cd77ae0411,4f3b9164-e0a5-4527-b4f3-9c0e9d3e5ec0
2,1,6,4bc7e51b-a8af-4881-982e-12cfb2b1e9e3,3e87012d-cfee-43f7-aca8-113f0e2ab9f3,e3b6a145-be19-4e17-b323-49cd77ae0411,79f4c110-a78e-4564-aa04-ab7281d55f31
3,1,8,4bc7e51b-a8af-4881-982e-12cfb2b1e9e3,71a32e0e-9817-41dc-a21c-18b908929620,e3b6a145-be19-4e17-b323-49cd77ae0411,02ec5599-3c1a-4ee5-8281-909022ca1811
4,1,11,4bc7e51b-a8af-4881-982e-12cfb2b1e9e3,f8ad2aa7-9f79-4e71-9089-07cb34082d5e,e3b6a145-be19-4e17-b323-49cd77ae0411,7a155d16-c42f-4344-9b98-3a561a2fd6f4
5,1,12,4bc7e51b-a8af-4881-982e-12cfb2b1e9e3,f40fecc4-3493-4cce-9088-ca75f3f78cf4,e3b6a145-be19-4e17-b323-49cd77ae0411,197b04a5-e251-47ed-9eb1-2135707af410
6,1,13,4bc7e51b-a8af-4881-982e-12cfb2b1e9e3,330bfccd-457f-46b8-92b5-1d30f438c57c,e3b6a145-be19-4e17-b323-49cd77ae0411,2ce627ba-167a-4c4c-af5e-fcf4054513ab
7,1,15,4bc7e51b-a8af-4881-982e-12cfb2b1e9e3,6517d5f5-4b2e-435c-a4c1-faa077cf6249,e3b6a145-be19-4e17-b323-49cd77ae0411,545234f0-fcec-415b-a75f-4d59741ed1a7
8,2,4,4bc7e51b-a8af-4881-982e-12cfb2b1e9e3,fc9620e8-d081-4213-b3c2-0ed231369715,7e8c645a-8bf8-4fb2-bacb-f555cd9dece6,22db68f3-0f08-49b3-b6e0-1f381da62643
9,2,5,4bc7e51b-a8af-4881-982e-12cfb2b1e9e3,0860db9d-3e09-4904-8968-c49767d391b2,7e8c645a-8bf8-4fb2-bacb-f555cd9dece6,2d26680b-22e9-4151-ace9-01b6c059b7e6
10,2,7,4bc7e51b-a8af-4881-982e-12cfb2b1e9e3,49236339-799d-477d-84b4-5d751793db9f,7e8c645a-8bf8-4fb2-bacb-f555cd9dece6,ce57de46-4fdf-47b7-82ed-7081e93d31b4
11,2,9,4bc7e51b-a8af-4881-982e-12cfb2b1e9e3,441c0bc9-33c7-47d9-ab1d-4ee44ceea6a1,7e8c645a-8bf8-4fb2-bacb-f555cd9dece6,5471a0a9-bbc9-43fb-b01d-1c079132b6df
12,2,12,4bc7e51b-a8af-4881-982e-12cfb2b1e9e3,b5fe2185-f993-407a-aaeb-4de208d818aa,7e8c645a-8bf8-4fb2-bacb-f555cd9dece6,197b04a5-e251-47ed-9eb1-2135707af410
13,3,4,4bc7e51b-a8af-4881-982e-12cfb2b1e9e3,0b453016-b3e6-4a2a-bec1-86400e3a8a40,4f3b9164-e0a5-4527-b4f3-9c0e9d3e5ec0,22db68f3-0f08-49b3-b6e0-1f381da62643
14,3,5,4bc7e51b-a8af-4881-982e-12cfb2b1e9e3,377a1779-8c6a-4245-897c-5687446bed9b,4f3b9164-e0a5-4527-b4f3-9c0e9d3e5ec0,2d26680b-22e9-4151-ace9-01b6c059b7e6
15,3,6,4bc7e51b-a8af-4881-982e-12cfb2b1e9e3,8b476789-68ff-40a6-9eaa-2cd55daf31c9,4f3b9164-e0a5-4527-b4f3-9c0e9d3e5ec0,79f4c110-a78e-4564-aa04-ab7281d55f31
16,3,8,4bc7e51b-a8af-4881-982e-12cfb2b1e9e3,96f62276-924b-4c05-ad74-e004edc6c327,4f3b9164-e0a5-4527-b4f3-9c0e9d3e5ec0,02ec5599-3c1a-4ee5-8281-909022ca1811
17,3,9,4bc7e51b-a8af-4881-982e-12cfb2b1e9e3,c28ece7e-17bf-4252-8f4c-3bea852475bb,4f3b9164-e0a5-4527-b4f3-9c0e9d3e5ec0,5471a0a9-bbc9-43fb-b01d-1c079132b6df
18,3,13,4bc7e51b-a8af-4881-982e-12cfb2b1e9e3,340ac0d9-e33f-4b52-8dab-c2310d7fd524,4f3b9164-e0a5-4527-b4f3-9c0e9d3e5ec0,2ce627ba-167a-4c4c-af5e-fcf4054513ab
19,3,14,4bc7e51b-a8af-4881-982e-12cfb2b1e9e3,1229ab09-1577-4fe8-af30-cea973757e42,4f3b9164-e0a5-4527-b4f3-9c0e9d3e5ec0,aeb3c7b5-339a-4eda-aaaa-8b5a389f8ef1
20,4,5,4bc7e51b-a8af-4881-982e-12cfb2b1e9e3,ee61c674-a270-4ffb-ab34-93b8e1636d2f,22db68f3-0f08-49b3-b6e0-1f381da62643,2d26680b-22e9-4151-ace9-01b6c059b7e6
21,4,6,4bc7e51b-a8af-4881-982e-12cfb2b1e9e3,3126f2ba-6242-4dcf-b778-837dd29387b5,22db68f3-0f08-49b3-b6e0-1f381da62643,79f4c110-a78e-4564-aa04-ab7281d55f31
22,4,9,4bc7e51b-a8af-4881-982e-12cfb2b1e9e3,82b80e19-d07b-4098-ba9b-238ce2c9ac62,22db68f3-0f08-49b3-b6e0-1f381da62643,5471a0a9-bbc9-43fb-b01d-1c079132b6df
23,4,12,4bc7e51b-a8af-4881-982e-12cfb2b1e9e3,58c5cad9-8f6e-4ea3-9f3a-e3a7067d45f7,22db68f3-0f08-49b3-b6e0-1f381da62643,197b04a5-e251-47ed-9eb1-2135707af410
24,4,13,4bc7e51b-a8af-4881-982e-12cfb2b1e9e3,fc315b1a-0a66-4035-be3e-22cc0fa59e1a,22db68f3-0f08-49b3-b6e0-1f381da62643,2ce627ba-167a-4c4c-af5e-fcf4054513ab
25,4,14,4bc7e51b-a8af-4881-982e-12cfb2b1e9e3,6f8cc799-912a-4cfe-a1db-ed05c252410b,22db68f3-0f08-49b3-b6e0-1f381da62643,aeb3c7b5-339a-4eda-aaaa-8b5a389f8ef1
26,4,15,4bc7e51b-a8af-4881-982e-12cfb2b1e9e3,0b54f81f-ec5a-4bad-9953-5a81b3095e9d,22db68f3-0f08-49b3-b6e0-1f381da62643,545234f0-fcec-415b-a75f-4d59741ed1a7
27,5,7,4bc7e51b-a8af-4881-982e-12cfb2b1e9e3,4d527cfa-bce4-42c1-980c-55ccf9be0a03,2d26680b-22e9-4151-ace9-01b6c059b7e6,ce57de46-4fdf-47b7-82ed-7081e93d31b4
28,5,9,4bc7e51b-a8af-4881-982e-12cfb2b1e9e3,4c755acc-2965-4202-b867-08ce12e13e61,2d26680b-22e9-4151-ace9-01b6c059b7e6,5471a0a9-bbc9-43fb-b01d-1c079132b6df
29,5,11,4bc7e51b-a8af-4881-982e-12cfb2b1e9e3,e6e1213b-59f7-4c63-97a2-e17050cdcb00,2d26680b-22e9-4151-ace9-01b6c059b7e6,7a155d16-c42f-4344-9b98-3a561a2fd6f4
30,5,12,4bc7e51b-a8af-4881-982e-12cfb2b1e9e3,fd034cf6-f029-452e-a36f-529a0defaa3c,2d26680b-22e9-4151-ace9-01b6c059b7e6,197b04a5-e251-47ed-9eb1-2135707af410
31,5,14,4bc7e51b-a8af-4881-982e-12cfb2b1e9e3,dcf14872-d4a8-4e03-952c-a82dcd41e66f,2d26680b-22e9-4151-ace9-01b6c059b7e6,aeb3c7b5-339a-4eda-aaaa-8b5a389f8ef1
32,6,8,4bc7e51b-a8af-4881-982e-12cfb2b1e9e3,5aea30b9-39dc-4453-8484-f9dca910b5cc,79f4c110-a78e-4564-aa04-ab7281d55f31,02ec5599-3c1a-4ee5-8281-909022ca1811
33,6,11,4bc7e51b-a8af-4881-982e-12cfb2b1e9e3,e9a7a2de-7bd6-4d9e-a283-60ae598b9023,79f4c110-a78e-4564-aa04-ab7281d55f31,7a155d16-c42f-4344-9b98-3a561a2fd6f4
34,6,13,4bc7e51b-a8af-4881-982e-12cfb2b1e9e3,2208e31b-0850-4321-9c28-000ee5d97082,79f4c110-a78e-4564-aa04-ab7281d55f31,2ce627ba-167a-4c4c-af5e-fcf4054513ab
35,6,15,4bc7e51b-a8af-4881-982e-12cfb2b1e9e3,9e8a4eb7-d76b-46db-ba87-908b01ccd93a,79f4c110-a78e-4564-aa04-ab7281d55f31,545234f0-fcec-415b-a75f-4d59741ed1a7
36,7,13,4bc7e51b-a8af-4881-982e-12cfb2b1e9e3,28318e74-399e-4947-a542-dda3dab738a8,ce57de46-4fdf-47b7-82ed-7081e93d31b4,2ce627ba-167a-4c4c-af5e-fcf4054513ab
37,7,14,4bc7e51b-a8af-4881-982e-12cfb2b1e9e3,cc73a20a-ab1a-403c-aefa-a567ce7ed054,ce57de46-4fdf-47b7-82ed-7081e93d31b4,aeb3c7b5-339a-4eda-aaaa-8b5a389f8ef1
38,8,9,4bc7e51b-a8af-4881-982e-12cfb2b1e9e3,4c3296c0-80f6-48ce-80e7-8f70f659edf5,02ec5599-3c1a-4ee5-8281-909022ca1811,5471a0a9-bbc9-43fb-b01d-1c079132b6df
39,8,12,4bc7e51b-a8af-4881-982e-12cfb2b1e9e3,12479c82-1968-4e53-85bf-9068c138312f,02ec5599-3c1a-4ee5-8281-909022ca1811,197b04a5-e251-47ed-9eb1-2135707af410
40,9,10,4bc7e51b-a8af-4881-982e-12cfb2b1e9e3,2d961df5-04d9-4050-a3cc-d255b44e8271,5471a0a9-bbc9-43fb-b01d-1c079132b6df,e4e6a7d7-2c98-4c07-9b7e-a945faf317c4
41,9,11,4bc7e51b-a8af-4881-982e-12cfb2b1e9e3,4eaf76bb-ab89-4ca0-a3b5-2f48bdcc0fdf,5471a0a9-bbc9-43fb-b01d-1c079132b6df,7a155d16-c42f-4344-9b98-3a561a2fd6f4
42,9,12,4bc7e51b-a8af-4881-982e-12cfb2b1e9e3,ab0e337b-9d79-4b59-88df-8c11e3ffd9f0,5471a0a9-bbc9-43fb-b01d-1c079132b6df,197b04a5-e251-47ed-9eb1-2135707af410
43,9,13,4bc7e51b-a8af-4881-982e-12cfb2b1e9e3,af826391-7c66-4745-bbe4-e13388dbf3b3,5471a0a9-bbc9-43fb-b01d-1c079132b6df,2ce627ba-167a-4c4c-af5e-fcf4054513ab
44,9,14,4bc7e51b-a8af-4881-982e-12cfb2b1e9e3,466366d5-80e7-4f8d-b7a3-10fcbed7c3fc,5471a0a9-bbc9-43fb-b01d-1c079132b6df,aeb3c7b5-339a-4eda-aaaa-8b5a389f8ef1
45,9,15,4bc7e51b-a8af-4881-982e-12cfb2b1e9e3,22f02e23-3a2d-4ff6-a9ef-a57e654aefdc,5471a0a9-bbc9-43fb-b01d-1c079132b6df,545234f0-fcec-415b-a75f-4d59741ed1a7
46,10,12,4bc7e51b-a8af-4881-982e-12cfb2b1e9e3,77a0d765-a552-4dab-8ab9-c033ad2ff212,e4e6a7d7-2c98-4c07-9b7e-a945faf317c4,197b04a5-e251-47ed-9eb1-2135707af410
47,10,13,4bc7e51b-a8af-4881-982e-12cfb2b1e9e3,cf504204-42e9-4772-9f5e-bfc6eef2f8cb,e4e6a7d7-2c98-4c07-9b7e-a945faf317c4,2ce627ba-167a-4c4c-af5e-fcf4054513ab
48,12,13,4bc7e51b-a8af-4881-982e-12cfb2b1e9e3,3b466354-51cd-4a43-a5bd-dde1d70b1cdf,197b04a5-e251-47ed-9eb1-2135707af410,2ce627ba-167a-4c4c-af5e-fcf4054513ab
49,12,14,4bc7e51b-a8af-4881-982e-12cfb2b1e9e3,d4aac0a8-ac50-4e94-ae9f-65378220ac52,197b04a5-e251-47ed-9eb1-2135707af410,aeb3c7b5-339a-4eda-aaaa-8b5a389f8ef1
50,13,15,4bc7e51b-a8af-4881-982e-12cfb2b1e9e3,c275051c-cb5d-4013-89a3-9af79032ae78,2ce627ba-167a-4c4c-af5e-fcf4054513ab,545234f0-fcec-415b-a75f-4d59741ed1a7
51,14,15,4bc7e51b-a8af-4881-982e-12cfb2b1e9e3,537d1c4f-4efd-4eb0-96d6-052a26c7817e,aeb3c7b5-339a-4eda-aaaa-8b5a389f8ef1,545234f0-fcec-415b-a75f-4d59741ed1a7
1,1,2,fe801e88-5207-4550-a877-b072e25bebf4,08a36608-1242-4ebc-ac9d-94b16f342326,eebe9d77-d572-4b52-933e-fb133e2c1c0f,c472adf2-f897-47b4-842b-59b1f070a217
2,1,3,fe801e88-5207-4550-a877-b072e25bebf4,0dfeda7b-1e03-4be6-9b06-b8ca2c62827b,eebe9d77-d572-4b52-933e-fb133e2c1c0f,6833df99-0aa7-4265-925e-3790176a9741
3,1,5,fe801e88-5207-4550-a877-b072e25bebf4,a07668ef-ce87-4c62-a3e1-1e44efd9dac9,eebe9d77-d572-4b52-933e-fb133e2c1c0f,c6037abf-e06e-4faf-a781-1ae017a0d199
4,1,6,fe801e88-5207-4550-a877-b072e25bebf4,9eb2e681-3066-4fff-9351-926630710335,eebe9d77-d572-4b52-933e-fb133e2c1c0f,9add8de0-78c8-42c2-8168-eac4a15c6eeb
5,1,7,fe801e88-5207-4550-a877-b072e25bebf4,d6831112-7182-4192-bf45-dd349281eb53,eebe9d77-d572-4b52-933e-fb133e2c1c0f,cd2bcd69-dbba-4864-9433-60cf27ca6ae0
6,1,8,fe801e88-5207-4550-a877-b072e25bebf4,017eb9b1-0d82-476e-94df-a4e503eaf35b,eebe9d77-d572-4b52-933e-fb133e2c1c0f,fb337e19-1715-4a37-874d-6da8de8f0062
7,2,5,fe801e88-5207-4550-a877-b072e25bebf4,2c2646d9-e9b9-4c5a-a771-913d0aa7e39e,c472adf2-f897-47b4-842b-59b1f070a217,c6037abf-e06e-4faf-a781-1ae017a0d199
8,2,6,fe801e88-5207-4550-a877-b072e25bebf4,ac2f46aa-4e32-4139-94f1-e8daf957bf45,c472adf2-f897-47b4-842b-59b1f070a217,9add8de0-78c8-42c2-8168-eac4a15c6eeb
9,3,4,fe801e88-5207-4550-a877-b072e25bebf4,f35da8df-57d2-417a-9086-cc7d4f49f02c,6833df99-0aa7-4265-925e-3790176a9741,cace45cd-1fed-461b-8750-ada5987430b3
10,3,6,fe801e88-5207-4550-a877-b072e25bebf4,aee2415a-9c6c-4753-adeb-d6e52afa8b77,6833df99-0aa7-4265-925e-3790176a9741,9add8de0-78c8-42c2-8168-eac4a15c6eeb
11,3,7,fe801e88-5207-4550-a877-b072e25bebf4,ac6ffdaf-7346-44e2-ad12-c7710a339ba7,6833df99-0aa7-4265-925e-3790176a9741,cd2bcd69-dbba-4864-9433-60cf27ca6ae0
12,4,5,fe801e88-5207-4550-a877-b072e25bebf4,98613692-96ce-4e70-bd03-9b4bc13025a2,cace45cd-1fed-461b-8750-ada5987430b3,c6037abf-e06e-4faf-a781-1ae017a0d199
13,5,8,fe801e88-5207-4550-a877-b072e25bebf4,fc2d691e-0a1e-4995-9fdf-ca7415516798,c6037abf-e06e-4faf-a781-1ae017a0d199,fb337e19-1715-4a37-874d-6da8de8f0062
14,6,7,fe801e88-5207-4550-a877-b072e25bebf4,97028c40-a111-4f9d-a131-10b01507d8da,9add8de0-78c8-42c2-8168-eac4a15c6eeb,cd2bcd69-dbba-4864-9433-60cf27ca6ae0
15,6,8,fe801e88-5207-4550-a877-b072e25bebf4,54b45d41-9511-4e91-884d-14a2786b1748,9add8de0-78c8-42c2-8168-eac4a15c6eeb,fb337e19-1715-4a37-874d-6da8de8f0062
16,7,8,fe801e88-5207-4550-a877-b072e25bebf4,c652609c-3a12-498e-b060-cbfe39786ea4,cd2bcd69-dbba-4864-9433-60cf27ca6ae0,fb337e19-1715-4a37-874d-6da8de8f0062
17,9,11,fe801e88-5207-4550-a877-b072e25bebf4,16d74fd2-67f6-4664-b123-25bd7dff63ad,309daa5c-7962-4b11-be9a-924572578e3d,2a26b78d-e1ef-4ccd-af6b-a3cc8b0bfebf
18,9,12,fe801e88-5207-4550-a877-b072e25bebf4,67d06e72-0b4b-405f-9116-e4834ad3f450,309daa5c-7962-4b11-be9a-924572578e3d,f8b7c244-de53-4b0b-8066-62fc1195af50
19,9,13,fe801e88-5207-4550-a877-b072e25bebf4,e7485e6a-d629-4034-b621-12488f0c3ee7,309daa5c-7962-4b11-be9a-924572578e3d,ec873b5c-bda8-4aae-aae7-80ea5c71a307
20,9,15,fe801e88-5207-4550-a877-b072e25bebf4,9f5f8715-ebc5-4831-8592-f79bd17b762b,309daa5c-7962-4b11-be9a-924572578e3d,0bad3513-17f0-4db3-bc9a-6ceebaa5e9cc
21,10,11,fe801e88-5207-4550-a877-b072e25bebf4,e87c617a-c694-40f8-89c7-240d867c22e8,428df887-09d8-48d1-9eb0-b6885c85e6b3,2a26b78d-e1ef-4ccd-af6b-a3cc8b0bfebf
22,10,15,fe801e88-5207-4550-a877-b072e25bebf4,ba345c7d-055a-4bbb-9e04-d62f8dbd98bc,428df887-09d8-48d1-9eb0-b6885c85e6b3,0bad3513-17f0-4db3-bc9a-6ceebaa5e9cc
23,12,14,fe801e88-5207-4550-a877-b072e25bebf4,90027d5c-bc3b-4249-b3e1-b73d8cd78343,f8b7c244-de53-4b0b-8066-62fc1195af50,be2ee124-a454-49de-aeba-04dcaf282aad
24,13,14,fe801e88-5207-4550-a877-b072e25bebf4,c17c6663-e4fa-4602-a186-d2931bbc4f07,ec873b5c-bda8-4aae-aae7-80ea5c71a307,be2ee124-a454-49de-aeba-04dcaf282aad
1,1,2,f68dccfc-29d6-47ab-ab7e-93b5ace9c226,adc13862-593f-47f6-aa55-46d9cb86af22,bf6d52e8-23c8-450a-800f-8aed1a4a0f76,6a202486-d489-49b3-a55c-93997f07e92c
2,1,6,f68dccfc-29d6-47ab-ab7e-93b5ace9c226,f04c84ab-cd11-4788-9fdb-c46cdee23860,bf6d52e8-23c8-450a-800f-8aed1a4a0f76,8eb062f2-5b67-4045-8f2f-eb30726bf520
3,1,13,f68dccfc-29d6-47ab-ab7e-93b5ace9c226,0345b77c-4e4d-41d1-9595-e8d2997c6c1a,bf6d52e8-23c8-450a-800f-8aed1a4a0f76,27fa36cd-0e0a-4f65-bd74-566d5f7ba8ec
4,1,15,f68dccfc-29d6-47ab-ab7e-93b5ace9c226,82d97313-0bd6-434d-be44-92da442937cb,bf6d52e8-23c8-450a-800f-8aed1a4a0f76,a75642ac-5911-4a55-b61b-f95c757607b4
5,2,3,f68dccfc-29d6-47ab-ab7e-93b5ace9c226,46f7e0fb-b1d8-496c-be65-e84318566bde,6a202486-d489-49b3-a55c-93997f07e92c,8e1a4732-d5f4-4a8f-9289-4ccc56853825
6,2,9,f68dccfc-29d6-47ab-ab7e-93b5ace9c226,a1110752-8e94-4784-9cad-ecd3d27559cf,6a202486-d489-49b3-a55c-93997f07e92c,dd190408-d0bf-44a8-a3c4-e3a380618681
7,2,12,f68dccfc-29d6-47ab-ab7e-93b5ace9c226,5eaa2473-95c8-4f01-8ad6-3a6b51bad227,6a202486-d489-49b3-a55c-93997f07e92c,2d69aa29-526a-4703-91fd-982897e4ac5c
8,3,9,f68dccfc-29d6-47ab-ab7e-93b5ace9c226,5cd933f1-4f63-46e1-a86e-a9e4bf18be95,8e1a4732-d5f4-4a8f-9289-4ccc56853825,dd190408-d0bf-44a8-a3c4-e3a380618681
9,3,13,f68dccfc-29d6-47ab-ab7e-93b5ace9c226,ec02f6d7-f173-43a3-8a68-fba1f4b10290,8e1a4732-d5f4-4a8f-9289-4ccc56853825,27fa36cd-0e0a-4f65-bd74-566d5f7ba8ec
10,4,6,f68dccfc-29d6-47ab-ab7e-93b5ace9c226,3ce57525-fb50-43a3-a647-bc869a1a79a8,c7ee00b9-63f0-4d8f-94e8-78d28a2255a3,8eb062f2-5b67-4045-8f2f-eb30726bf520
11,4,7,f68dccfc-29d6-47ab-ab7e-93b5ace9c226,a650bd48-3d50-4dc4-aa93-209e08cb24c9,c7ee00b9-63f0-4d8f-94e8-78d28a2255a3,63b2f257-4567-49e2-a619-aad24f292012
12,4,8,f68dccfc-29d6-47ab-ab7e-93b5ace9c226,10ca8a4b-7bcc-4fbc-badd-530f6b9b786b,c7ee00b9-63f0-4d8f-94e8-78d28a2255a3,66a2008e-917b-47ec-b736-1ed0fd836851
13,4,10,f68dccfc-29d6-47ab-ab7e-93b5ace9c226,c9cf81f1-f80c-4f68-9e97-aecd4ad8cf67,c7ee00b9-63f0-4d8f-94e8-78d28a2255a3,cf354d28-aeba-4af5-bbe8-019030d6a220
14,5,7,f68dccfc-29d6-47ab-ab7e-93b5ace9c226,9d2b22dc-0805-4d04-8e7a-2454c02bc37b,932747df-bb67-4146-b77b-469d3a911704,63b2f257-4567-49e2-a619-aad24f292012
15,5,8,f68dccfc-29d6-47ab-ab7e-93b5ace9c226,41a630bb-6892-44a3-918c-ad04d54d79af,932747df-bb67-4146-b77b-469d3a911704,66a2008e-917b-47ec-b736-1ed0fd836851
16,5,11,f68dccfc-29d6-47ab-ab7e-93b5ace9c226,059fae93-8709-47b0-a2ea-956681788f18,932747df-bb67-4146-b77b-469d3a911704,6fc776cf-a42f-491e-b7e0-9c9604fa4cda
17,5,14,f68dccfc-29d6-47ab-ab7e-93b5ace9c226,f56c71c1-2ce0-4d68-ab9e-5d7b4b1ada66,932747df-bb67-4146-b77b-469d3a911704,17d058e0-6fb9-4a2b-813f-186b73e6a380
18,5,15,f68dccfc-29d6-47ab-ab7e-93b5ace9c226,b8eb062e-3d20-4675-ab41-02d84d67b0a4,932747df-bb67-4146-b77b-469d3a911704,a75642ac-5911-4a55-b61b-f95c757607b4
19,6,7,f68dccfc-29d6-47ab-ab7e-93b5ace9c226,5f949fd2-509d-419a-b383-135186c456c0,8eb062f2-5b67-4045-8f2f-eb30726bf520,63b2f257-4567-49e2-a619-aad24f292012
20,6,9,f68dccfc-29d6-47ab-ab7e-93b5ace9c226,202eec4a-03b2-4b24-b4e5-d433cedf335d,8eb062f2-5b67-4045-8f2f-eb30726bf520,dd190408-d0bf-44a8-a3c4-e3a380618681
21,6,10,f68dccfc-29d6-47ab-ab7e-93b5ace9c226,05f7263f-d3be-47e0-b61b-9fe931cf9dc0,8eb062f2-5b67-4045-8f2f-eb30726bf520,cf354d28-aeba-4af5-bbe8-019030d6a220
22,6,12,f68dccfc-29d6-47ab-ab7e-93b5ace9c226,d653aa60-e88d-4143-aced-55e8a285e0cc,8eb062f2-5b67-4045-8f2f-eb30726bf520,2d69aa29-526a-4703-91fd-982897e4ac5c
23,7,8,f68dccfc-29d6-47ab-ab7e-93b5ace9c226,93057e76-6d71-4f63-8c06-98e29fba9e94,63b2f257-4567-49e2-a619-aad24f292012,66a2008e-917b-47ec-b736-1ed0fd836851
24,7,9,f68dccfc-29d6-47ab-ab7e-93b5ace9c226,2f34bd82-e2c2-4634-8fa2-f6e8359b38d9,63b2f257-4567-49e2-a619-aad24f292012,dd190408-d0bf-44a8-a3c4-e3a380618681
25,7,13,f68dccfc-29d6-47ab-ab7e-93b5ace9c226,d7ca6572-00ed-46ed-8948-e7d0ce66c679,63b2f257-4567-49e2-a619-aad24f292012,27fa36cd-0e0a-4f65-bd74-566d5f7ba8ec
26,8,13,f68dccfc-29d6-47ab-ab7e-93b5ace9c226,5d44a3f1-0122-4bd6-b989-d882aad05982,66a2008e-917b-47ec-b736-1ed0fd836851,27fa36cd-0e0a-4f65-bd74-566d5f7ba8ec
27,9,10,f68dccfc-29d6-47ab-ab7e-93b5ace9c226,71a19383-63e1-4765-89c6-34f104bb2955,dd190408-d0bf-44a8-a3c4-e3a380618681,cf354d28-aeba-4af5-bbe8-019030d6a220
28,9,11,f68dccfc-29d6-47ab-ab7e-93b5ace9c226,5bb30e54-e486-4bd3-83f4-0372b34d47f0,dd190408-d0bf-44a8-a3c4-e3a380618681,6fc776cf-a42f-491e-b7e0-9c9604fa4cda
29,9,14,f68dccfc-29d6-47ab-ab7e-93b5ace9c226,f5022f13-1bf3-4c8d-8025-dd85944c997a,dd190408-d0bf-44a8-a3c4-e3a380618681,17d058e0-6fb9-4a2b-813f-186b73e6a380
30,10,14,f68dccfc-29d6-47ab-ab7e-93b5ace9c226,bd75dcc9-bf9b-4b41-b545-43811a315c57,cf354d28-aeba-4af5-bbe8-019030d6a220,17d058e0-6fb9-4a2b-813f-186b73e6a380
31,10,15,f68dccfc-29d6-47ab-ab7e-93b5ace9c226,8973ce7f-d4a7-4758-810d-598cc33bfe5c,cf354d28-aeba-4af5-bbe8-019030d6a220,a75642ac-5911-4a55-b61b-f95c757607b4
32,11,12,f68dccfc-29d6-47ab-ab7e-93b5ace9c226,808f1c64-c2b1-4e0a-b71a-bd33e4650b46,6fc776cf-a42f-491e-b7e0-9c9604fa4cda,2d69aa29-526a-4703-91fd-982897e4ac5c
33,11,13,f68dccfc-29d6-47ab-ab7e-93b5ace9c226,9cb914d3-56ef-40fd-833e-d5bb4c3abcfb,6fc776cf-a42f-491e-b7e0-9c9604fa4cda,27fa36cd-0e0a-4f65-bd74-566d5f7ba8ec
34,12,13,f68dccfc-29d6-47ab-ab7e-93b5ace9c226,85392e6b-368a-4db4-b75e-4fc09c15a6f4,2d69aa29-526a-4703-91fd-982897e4ac5c,27fa36cd-0e0a-4f65-bd74-566d5f7ba8ec
1,1,3,96f49992-a293-45b1-bd84-ccedf42d66fc,25fd10cc-8c4e-4789-bc4d-7f0c09048612,5defc4e6-3175-4181-9c8a-648699f85b37,30fd8316-7e10-4fe3-afca-3ab2135856b4
2,1,6,96f49992-a293-45b1-bd84-ccedf42d66fc,08faddbd-0abc-4073-b71e-3b8894f36cd8,5defc4e6-3175-4181-9c8a-648699f85b37,55d9a0e2-c6db-46d5-8dc5-caa0849def08
3,1,7,96f49992-a293-45b1-bd84-ccedf42d66fc,67438433-52e2-4820-91c4-e215c4d4a3ad,5defc4e6-3175-4181-9c8a-648699f85b37,ecf239ab-a17f-4ac6-b54c-6b0fedc33801
4,2,3,96f49992-a293-45b1-bd84-ccedf42d66fc,468c0fd5-8e8c-46f1-80ac-39e13cdcb8fc,1ccc9df2-0368-4a01-b94e-879377878219,30fd8316-7e10-4fe3-afca-3ab2135856b4
5,2,6,96f49992-a293-45b1-bd84-ccedf42d66fc,a784157f-6409-4145-985e-5471d60497f4,1ccc9df2-0368-4a01-b94e-879377878219,55d9a0e2-c6db-46d5-8dc5-caa0849def08
6,2,10,96f49992-a293-45b1-bd84-ccedf42d66fc,2b6ff5c0-53b5-435f-b0d0-43399cf59751,1ccc9df2-0368-4a01-b94e-879377878219,d10b7eaf-8a91-438f-b5b1-e71454716382
7,3,5,96f49992-a293-45b1-bd84-ccedf42d66fc,7c703fa6-382e-4dc0-bb84-8179545bd1e7,30fd8316-7e10-4fe3-afca-3ab2135856b4,1f539e42-90a5-4642-8245-b6344048451c
8,3,6,96f49992-a293-45b1-bd84-ccedf42d66fc,e1a0f9e6-c970-4b42-a51f-d4c86b4a5f70,30fd8316-7e10-4fe3-afca-3ab2135856b4,55d9a0e2-c6db-46d5-8dc5-caa0849def08
9,3,8,96f49992-a293-45b1-bd84-ccedf42d66fc,a826dc0a-0f1f-4f96-9ac8-2e1a7ab2bc0f,30fd8316-7e10-4fe3-afca-3ab2135856b4,04489e2b-89ba-4501-873f-3aa71820bffd
10,4,6,96f49992-a293-45b1-bd84-ccedf42d66fc,4e020dce-59ce-4adf-aa4c-2143d9d1de26,39887f8b-07b7-4d12-aac6-1f61ce26f3df,55d9a0e2-c6db-46d5-8dc5-caa0849def08
11,6,11,96f49992-a293-45b1-bd84-ccedf42d66fc,6d6f5451-6a55-47d5-8c22-8d24c49e4f8d,55d9a0e2-c6db-46d5-8dc5-caa0849def08,5b3a82a5-0610-4831-a8e9-846c6d0d625e
12,6,13,96f49992-a293-45b1-bd84-ccedf42d66fc,51fc68e2-0469-4cea-8748-66c79465d1d6,55d9a0e2-c6db-46d5-8dc5-caa0849def08,a90007d6-5434-4ba5-9ec5-1853846216ba
13,6,14,96f49992-a293-45b1-bd84-ccedf42d66fc,71958652-58ce-47df-bb0e-e91351565b41,55d9a0e2-c6db-46d5-8dc5-caa0849def08,94e59a56-e8ff-4405-adb9-2642e4674ec6
14,7,8,96f49992-a293-45b1-bd84-ccedf42d66fc,95c49947-c21b-49ec-9a87-3762ba5ff385,ecf239ab-a17f-4ac6-b54c-6b0fedc33801,04489e2b-89ba-4501-873f-3aa71820bffd
15,7,14,96f49992-a293-45b1-bd84-ccedf42d66fc,eb1bc3ce-52bb-4c82-afc3-463466762e5d,ecf239ab-a17f-4ac6-b54c-6b0fedc33801,94e59a56-e8ff-4405-adb9-2642e4674ec6
16,8,9,96f49992-a293-45b1-bd84-ccedf42d66fc,660ce529-9df9-40da-99c5-75f3cb0cddcc,04489e2b-89ba-4501-873f-3aa71820bffd,c127476c-e5a0-4ec4-9245-de1841ee6320
17,8,11,96f49992-a293-45b1-bd84-ccedf42d66fc,bb4a8f59-8a1b-4674-adbf-ca59f84acd50,04489e2b-89ba-4501-873f-3aa71820bffd,5b3a82a5-0610-4831-a8e9-846c6d0d625e
18,8,13,96f49992-a293-45b1-bd84-ccedf42d66fc,c5c2a802-38fb-4a31-b1a2-14cb0ba94bca,04489e2b-89ba-4501-873f-3aa71820bffd,a90007d6-5434-4ba5-9ec5-1853846216ba
19,8,15,96f49992-a293-45b1-bd84-ccedf42d66fc,7a7ec27a-6f4b-43da-8ccd-b4fc27be4d49,04489e2b-89ba-4501-873f-3aa71820bffd,bf73986e-433f-4b78-9d41-a95aa7cc9644
20,9,11,96f49992-a293-45b1-bd84-ccedf42d66fc,a7a1a206-4646-47e3-91d8-598208046a98,c127476c-e5a0-4ec4-9245-de1841ee6320,5b3a82a5-0610-4831-a8e9-846c6d0d625e
21,9,14,96f49992-a293-45b1-bd84-ccedf42d66fc,9166f39b-9e09-4394-b73d-b8b26cca9039,c127476c-e5a0-4ec4-9245-de1841ee6320,94e59a56-e8ff-4405-adb9-2642e4674ec6
22,9,15,96f49992-a293-45b1-bd84-ccedf42d66fc,4b91bd1b-792f-4e9b-b093-e4da96b49683,c127476c-e5a0-4ec4-9245-de1841ee6320,bf73986e-433f-4b78-9d41-a95aa7cc9644
23,10,13,96f49992-a293-45b1-bd84-ccedf42d66fc,1cad61cf-a12d-45e9-ac94-d1441265d37e,d10b7eaf-8a91-438f-b5b1-e71454716382,a90007d6-5434-4ba5-9ec5-1853846216ba
24,11,15,96f49992-a293-45b1-bd84-ccedf42d66fc,56d468c0-04de-4815-9045-c227762072b5,5b3a82a5-0610-4831-a8e9-846c6d0d625e,bf73986e-433f-4b78-9d41-a95aa7cc9644
25,12,15,96f49992-a293-45b1-bd84-ccedf42d66fc,cacd59b1-f432-4fb6-ae98-436f57af1491,27976c3a-994f-4276-8108-ac566594aaae,bf73986e-433f-4b78-9d41-a95aa7cc9644
26,14,15,96f49992-a293-45b1-bd84-ccedf42d66fc,baf2ae41-7ecd-497c-b4aa-b9954a4dc34e,94e59a56-e8ff-4405-adb9-2642e4674ec6,bf73986e-433f-4b78-9d41-a95aa7cc9644
1,1,3,22e0f2c8-ddde-4271-bb6b-e9ec7fa6da6b,afce85d6-52b9-4763-b6f2-13d2b8ed92c8,5cc91590-6c1c-4f70-a9c8-42416809bb76,47e71a9f-9b6d-47a1-a74c-d1e49a89c3e3
2,1,4,22e0f2c8-ddde-4271-bb6b-e9ec7fa6da6b,3ba66206-9c00-4b02-ab2e-a4bfc16163a8,5cc91590-6c1c-4f70-a9c8-42416809bb76,0b06e3e7-e49b-473a-a4b2-1eb747d9af43
3,1,8,22e0f2c8-ddde-4271-bb6b-e9ec7fa6da6b,b5a71e44-b229-4f49-9c18-2ab1695a994b,5cc91590-6c1c-4f70-a9c8-42416809bb76,42f4e95d-8951-4dc6-9169-b74e15da4c9f
4,1,11,22e0f2c8-ddde-4271-bb6b-e9ec7fa6da6b,ea2386d5-0ff1-455d-a9ff-52d1d8703661,5cc91590-6c1c-4f70-a9c8-42416809bb76,41fa8152-3f81-4c1a-be2a-71fa3c9fe093
5,1,15,22e0f2c8-ddde-4271-bb6b-e9ec7fa6da6b,61ad2cae-a6ae-4959-b190-b20d9be59b5b,5cc91590-6c1c-4f70-a9c8-42416809bb76,e5c39b6c-4d80-49d9-b02a-b6ed131ae517
6,2,5,22e0f2c8-ddde-4271-bb6b-e9ec7fa6da6b,8debb903-ba23-47a0-a97c-cb0b08f01c2e,051fbb13-c981-455d-9b2c-e9499a1ed216,4fc18260-c257-49eb-80ef-1f1d94f0cb62
7,2,6,22e0f2c8-ddde-4271-bb6b-e9ec7fa6da6b,a81dd5d8-0ba3-4362-98b9-04f75ad75e02,051fbb13-c981-455d-9b2c-e9499a1ed216,cd668468-1876-413d-b643-3255d63e78c0
8,2,7,22e0f2c8-ddde-4271-bb6b-e9ec7fa6da6b,8dc7f545-ffab-4fd8-b644-f51bff42dd46,051fbb13-c981-455d-9b2c-e9499a1ed216,12d15ea3-ef61-4c0f-ab92-336f33c599c2
9,2,12,22e0f2c8-ddde-4271-bb6b-e9ec7fa6da6b,b145ea15-f102-4060-b128-ffc3525de839,051fbb13-c981-455d-9b2c-e9499a1ed216,2d4fe911-7536-4292-822e-05fd07ed1247
10,3,4,22e0f2c8-ddde-4271-bb6b-e9ec7fa6da6b,ce725012-7c37-45f4-aa68-8fec043369db,47e71a9f-9b6d-47a1-a74c-d1e49a89c3e3,0b06e3e7-e49b-473a-a4b2-1eb747d9af43
11,3,6,22e0f2c8-ddde-4271-bb6b-e9ec7fa6da6b,e56ad2c1-2825-46fd-b31e-c9660efbfca1,47e71a9f-9b6d-47a1-a74c-d1e49a89c3e3,cd668468-1876-413d-b643-3255d63e78c0
12,3,10,22e0f2c8-ddde-4271-bb6b-e9ec7fa6da6b,0fcec9ab-ea26-42a8-8721-4e1356c9b6c2,47e71a9f-9b6d-47a1-a74c-d1e49a89c3e3,3e9758b4-0007-4f42-9189-37c33db769dc
13,3,12,22e0f2c8-ddde-4271-bb6b-e9ec7fa6da6b,d4ae5054-aae5-4f29-9b38-6ec3adb0fb87,47e71a9f-9b6d-47a1-a74c-d1e49a89c3e3,2d4fe911-7536-4292-822e-05fd07ed1247
14,4,12,22e0f2c8-ddde-4271-bb6b-e9ec7fa6da6b,0da266a8-a040-4227-86a4-34067d7942b1,0b06e3e7-e49b-473a-a4b2-1eb747d9af43,2d4fe911-7536-4292-822e-05fd07ed1247
15,5,6,22e0f2c8-ddde-4271-bb6b-e9ec7fa6da6b,f6223816-491f-4c6d-b507-143dcc51de8c,4fc18260-c257-49eb-80ef-1f1d94f0cb62,cd668468-1876-413d-b643-3255d63e78c0
16,5,7,22e0f2c8-ddde-4271-bb6b-e9ec7fa6da6b,78bab465-72ea-404b-8486-a937ee0d4b47,4fc18260-c257-49eb-80ef-1f1d94f0cb62,12d15ea3-ef61-4c0f-ab92-336f33c599c2
17,5,11,22e0f2c8-ddde-4271-bb6b-e9ec7fa6da6b,2ce5b5d6-d18d-4602-b5b2-16450c4c0b90,4fc18260-c257-49eb-80ef-1f1d94f0cb62,41fa8152-3f81-4c1a-be2a-71fa3c9fe093
18,6,7,22e0f2c8-ddde-4271-bb6b-e9ec7fa6da6b,9fadae62-6472-4e30-b35e-afad474b88df,cd668468-1876-413d-b643-3255d63e78c0,12d15ea3-ef61-4c0f-ab92-336f33c599c2
19,6,8,22e0f2c8-ddde-4271-bb6b-e9ec7fa6da6b,031fdf71-2535-42d5-a8dd-6dc81348a92a,cd668468-1876-413d-b643-3255d63e78c0,42f4e95d-8951-4dc6-9169-b74e15da4c9f
20,7,9,22e0f2c8-ddde-4271-bb6b-e9ec7fa6da6b,0225a9c6-34ab-41a3-b995-714c42e375f1,12d15ea3-ef61-4c0f-ab92-336f33c599c2,9bb7ca33-f053-4a25-83be-9a1e0c3ce833
21,7,11,22e0f2c8-ddde-4271-bb6b-e9ec7fa6da6b,1fb559a1-b8c4-4ad6-8c9d-819d210a5ef8,12d15ea3-ef61-4c0f-ab92-336f33c599c2,41fa8152-3f81-4c1a-be2a-71fa3c9fe093
22,7,14,22e0f2c8-ddde-4271-bb6b-e9ec7fa6da6b,0f3894ff-c2a5-4c7b-b211-b10d214d49b4,12d15ea3-ef61-4c0f-ab92-336f33c599c2,71cae1eb-ff83-4b42-87b6-82112f732bee
23,8,11,22e0f2c8-ddde-4271-bb6b-e9ec7fa6da6b,b99da7fb-ca10-4f96-a94d-14917ce44025,42f4e95d-8951-4dc6-9169-b74e15da4c9f,41fa8152-3f81-4c1a-be2a-71fa3c9fe093
24,9,11,22e0f2c8-ddde-4271-bb6b-e9ec7fa6da6b,7167bf91-bd3c-4bd3-a2db-b5d9e940d839,9bb7ca33-f053-4a25-83be-9a1e0c3ce833,41fa8152-3f81-4c1a-be2a-71fa3c9fe093
25,10,11,22e0f2c8-ddde-4271-bb6b-e9ec7fa6da6b,c9f80422-e058-4481-a18a-abcdc0ef493c,3e9758b4-0007-4f42-9189-37c33db769dc,41fa8152-3f81-4c1a-be2a-71fa3c9fe093
26,10,12,22e0f2c8-ddde-4271-bb6b-e9ec7fa6da6b,b29b3b64-e764-4557-9392-9979da5cfaf6,3e9758b4-0007-4f42-9189-37c33db769dc,2d4fe911-7536-4292-822e-05fd07ed1247
27,10,15,22e0f2c8-ddde-4271-bb6b-e9ec7fa6da6b,77967d09-9daa-42f0-b1a1-58f9eb88547d,3e9758b4-0007-4f42-9189-37c33db769dc,e5c39b6c-4d80-49d9-b02a-b6ed131ae517
28,11,12,22e0f2c8-ddde-4271-bb6b-e9ec7fa6da6b,88e4a4aa-9487-4b90-856f-bc852ae4126e,41fa8152-3f81-4c1a-be2a-71fa3c9fe093,2d4fe911-7536-4292-822e-05fd07ed1247
29,11,15,22e0f2c8-ddde-4271-bb6b-e9ec7fa6da6b,db037527-a0f3-4eac-ab33-cbe96e252069,41fa8152-3f81-4c1a-be2a-71fa3c9fe093,e5c39b6c-4d80-49d9-b02a-b6ed131ae517
30,12,13,22e0f2c8-ddde-4271-bb6b-e9ec7fa6da6b,c2dc6507-d8f7-4cfb-a629-65dd894e0e25,2d4fe911-7536-4292-822e-05fd07ed1247,52d643ab-0445-414b-be60-0d22d68c695f
31,12,14,22e0f2c8-ddde-4271-bb6b-e9ec7fa6da6b,f27a82f3-4fa9-4c85-98a7-d6318ae82b74,2d4fe911-7536-4292-822e-05fd07ed1247,71cae1eb-ff83-4b42-87b6-82112f732bee
32,12,15,22e0f2c8-ddde-4271-bb6b-e9ec7fa6da6b,9c16a96a-d32f-4a84-a607-ed65510f8dd9,2d4fe911-7536-4292-822e-05fd07ed1247,e5c39b6c-4d80-49d9-b02a-b6ed131ae517
33,13,14,22e0f2c8-ddde-4271-bb6b-e9ec7fa6da6b,2f4dcb04-abaf-424e-bac8-df84bf250386,52d643ab-0445-414b-be60-0d22d68c695f,71cae1eb-ff83-4b42-87b6-82112f732bee
34,14,15,22e0f2c8-ddde-4271-bb6b-e9ec7fa6da6b,88dc1aae-31a2-4533-866a-300d2734c877,71cae1eb-ff83-4b42-87b6-82112f732bee,e5c39b6c-4d80-49d9-b02a-b6ed131ae517
1,1,8,82d2ef44-8636-4214-ba7b-4694793321d2,aff4eec9-c3d8-43a1-8d80-3323e3437478,f17d26b9-2984-468b-a64e-132e928bbb5f,ba8ed2ca-a947-41ed-aa14-ab682c988f2d
2,2,4,82d2ef44-8636-4214-ba7b-4694793321d2,ec701300-6b5f-45c4-91fd-5dbdbd51477e,4fe04fde-4576-4948-8a5c-95fe08a04258,d7b5768e-341e-45f9-bef1-a1b59fbe1257
3,2,5,82d2ef44-8636-4214-ba7b-4694793321d2,1a522c33-198a-4167-b68b-694910469174,4fe04fde-4576-4948-8a5c-95fe08a04258,53866ce4-d1df-4309-8d85-da0daab48b2e
4,2,6,82d2ef44-8636-4214-ba7b-4694793321d2,71045a4a-b2c5-4b4f-a624-e9627b929810,4fe04fde-4576-4948-8a5c-95fe08a04258,8116a6cd-0bcd-4102-be3c-ad6c143e3af3
5,2,9,82d2ef44-8636-4214-ba7b-4694793321d2,d372443d-7099-4b9e-9231-852697504d12,4fe04fde-4576-4948-8a5c-95fe08a04258,fa4bd65c-14d7-4de8-a52b-2ceec9f65242
6,2,11,82d2ef44-8636-4214-ba7b-4694793321d2,ec5e995d-7c8e-491e-aae9-46dd9c179996,4fe04fde-4576-4948-8a5c-95fe08a04258,6625f87d-bf77-44a3-9e2d-64d9c86d674f
7,3,5,82d2ef44-8636-4214-ba7b-4694793321d2,0c94d930-3ea0-4ff8-8432-734f5eaf84b3,7c7c8e49-f425-4d4e-89eb-df5bdffaa523,53866ce4-d1df-4309-8d85-da0daab48b2e
8,3,7,82d2ef44-8636-4214-ba7b-4694793321d2,b7c44e3d-2468-46af-a285-7ea828e949b4,7c7c8e49-f425-4d4e-89eb-df5bdffaa523,e45ed03e-47cd-490e-ae21-d345a9e7f67d
9,3,8,82d2ef44-8636-4214-ba7b-4694793321d2,106adb37-fa16-4d3d-8a80-91603a6ffef3,7c7c8e49-f425-4d4e-89eb-df5bdffaa523,ba8ed2ca-a947-41ed-aa14-ab682c988f2d
10,4,6,82d2ef44-8636-4214-ba7b-4694793321d2,881b8757-f2cc-4e97-8c57-8f9df15f6a24,d7b5768e-341e-45f9-bef1-a1b59fbe1257,8116a6cd-0bcd-4102-be3c-ad6c143e3af3
11,4,13,82d2ef44-8636-4214-ba7b-4694793321d2,ed3c3b19-c709-4ee9-a49c-2e8f23981c46,d7b5768e-341e-45f9-bef1-a1b59fbe1257,552bc356-6c66-4d98-a8f3-6f5fd361a2e3
12,4,14,82d2ef44-8636-4214-ba7b-4694793321d2,fbccda86-2841-4e0f-b16a-3a6f8f8157ab,d7b5768e-341e-45f9-bef1-a1b59fbe1257,01b04741-4cd5-4323-a7ed-f99c7fcf8087
13,5,9,82d2ef44-8636-4214-ba7b-4694793321d2,b8cf52ef-ccbf-49f8-9333-8906f4dac99e,53866ce4-d1df-4309-8d85-da0daab48b2e,fa4bd65c-14d7-4de8-a52b-2ceec9f65242
14,5,10,82d2ef44-8636-4214-ba7b-4694793321d2,ae58c13c-962b-424d-9898-83ecd7e24f07,53866ce4-d1df-4309-8d85-da0daab48b2e,8414ad7c-8c46-46db-b94a-dd2003f1bf54
15,5,11,82d2ef44-8636-4214-ba7b-4694793321d2,a20cbc66-83a4-46b9-b6d0-9904cedea932,53866ce4-d1df-4309-8d85-da0daab48b2e,6625f87d-bf77-44a3-9e2d-64d9c86d674f
16,5,12,82d2ef44-8636-4214-ba7b-4694793321d2,eccd8d45-801e-4328-aec1-723225a92bd3,53866ce4-d1df-4309-8d85-da0daab48b2e,5a9d6905-a9cb-4a12-9c0c-47c6c958ca59
17,5,13,82d2ef44-8636-4214-ba7b-4694793321d2,bb7e9ca3-5b77-4a58-8729-ce9fc2894df6,53866ce4-d1df-4309-8d85-da0daab48b2e,552bc356-6c66-4d98-a8f3-6f5fd361a2e3
18,5,14,82d2ef44-8636-4214-ba7b-4694793321d2,a6660ac4-6b75-4199-9729-0b178bcfade9,53866ce4-d1df-4309-8d85-da0daab48b2e,01b04741-4cd5-4323-a7ed-f99c7fcf8087
19,5,15,82d2ef44-8636-4214-ba7b-4694793321d2,b125f5ee-4534-43e2-9324-39a81e24439f,53866ce4-d1df-4309-8d85-da0daab48b2e,eef1cd83-043d-4984-8c07-0bdae925706a
20,7,8,82d2ef44-8636-4214-ba7b-4694793321d2,bcaa15b5-824a-4c7e-a7d9-316c1df76870,e45ed03e-47cd-490e-ae21-d345a9e7f67d,ba8ed2ca-a947-41ed-aa14-ab682c988f2d
21,7,10,82d2ef44-8636-4214-ba7b-4694793321d2,fab9ea16-715f-4af8-8e2a-73b925782e7f,e45ed03e-47cd-490e-ae21-d345a9e7f67d,8414ad7c-8c46-46db-b94a-dd2003f1bf54
22,8,9,82d2ef44-8636-4214-ba7b-4694793321d2,99f73c4e-585a-4c2d-829c-3cdf421a3d06,ba8ed2ca-a947-41ed-aa14-ab682c988f2d,fa4bd65c-14d7-4de8-a52b-2ceec9f65242
23,8,10,82d2ef44-8636-4214-ba7b-4694793321d2,62c831ff-9e8c-4df9-8427-64dab9ca0dba,ba8ed2ca-a947-41ed-aa14-ab682c988f2d,8414ad7c-8c46-46db-b94a-dd2003f1bf54
24,11,13,82d2ef44-8636-4214-ba7b-4694793321d2,560faa8e-166b-404a-803a-22bb45eef9e2,6625f87d-bf77-44a3-9e2d-64d9c86d674f,552bc356-6c66-4d98-a8f3-6f5fd361a2e3
25,11,15,82d2ef44-8636-4214-ba7b-4694793321d2,4971c1c8-3f03-4aae-ac63-5af890df9ae3,6625f87d-bf77-44a3-9e2d-64d9c86d674f,eef1cd83-043d-4984-8c07-0bdae925706a
26,12,14,82d2ef44-8636-4214-ba7b-4694793321d2,2ce5f15c-b988-483e-ac5e-b30a42daafa2,5a9d6905-a9cb-4a12-9c0c-47c6c958ca59,01b04741-4cd5-4323-a7ed-f99c7fcf8087
27,13,14,82d2ef44-8636-4214-ba7b-4694793321d2,5c29efda-f56d-43c4-ab6e-209c417f3a82,552bc356-6c66-4d98-a8f3-6f5fd361a2e3,01b04741-4cd5-4323-a7ed-f99c7fcf8087
1,1,5,28202870-0e8a-4600-9434-c280eff762cd,2f18fa0b-dbe1-416f-9211-59cfa8ddc092,4d49ba4c-f9f8-41e2-a239-d144dc658721,9590a8c2-353e-445f-a8ff-8e7e2dfd52e3
2,1,15,28202870-0e8a-4600-9434-c280eff762cd,5e95ca2b-68fd-4c87-8a5f-415e0dfaeeac,4d49ba4c-f9f8-41e2-a239-d144dc658721,9a41b2f6-98d2-4730-818d-5b7aadf44858
3,2,14,28202870-0e8a-4600-9434-c280eff762cd,f05bc6e5-9fc2-4efe-8608-bbf7ae288866,2a409b4e-bf89-4189-a979-43fcb0462f2c,c2b4e86c-684d-42af-8f52-857eed40dc8d
4,4,5,28202870-0e8a-4600-9434-c280eff762cd,499a7cb2-4a30-4482-9126-8625b47e47df,ef7f2b98-344c-44e8-8cf7-3e96e4114a93,9590a8c2-353e-445f-a8ff-8e7e2dfd52e3
5,4,14,28202870-0e8a-4600-9434-c280eff762cd,41a97bec-291a-4e66-ac03-7f57c0ba7808,ef7f2b98-344c-44e8-8cf7-3e96e4114a93,c2b4e86c-684d-42af-8f52-857eed40dc8d
6,5,6,28202870-0e8a-4600-9434-c280eff762cd,11fd96fa-d68f-4d90-beb4-aafeba677178,9590a8c2-353e-445f-a8ff-8e7e2dfd52e3,ed1b49db-ad0a-4ca8-ab4a-dead022f4712
7,7,12,28202870-0e8a-4600-9434-c280eff762cd,8b15072d-e297-44da-a1c2-9054794628f8,2124acb2-6938-4f90-9027-61c402562067,9ab16a0b-f2e0-4692-b60b-23ab80caedb7
8,7,13,28202870-0e8a-4600-9434-c280eff762cd,1a59ffa9-857d-4dc9-a955-0bf6d86176d7,2124acb2-6938-4f90-9027-61c402562067,854a3a13-ecce-484a-a7a9-102dcde4281e
9,9,12,28202870-0e8a-4600-9434-c280eff762cd,ab0df507-4ff1-43eb-8d74-f6c72ed17e05,46e83a43-dce7-47ac-bddc-c4eec32b7414,9ab16a0b-f2e0-4692-b60b-23ab80caedb7
10,10,12,28202870-0e8a-4600-9434-c280eff762cd,ab26162e-ee79-47db-99d0-92ccc7693ac0,bd94b304-691b-490e-85ef-3398d3e374c0,9ab16a0b-f2e0-4692-b60b-23ab80caedb7
1,1,3,06029b97-694c-41b8-807e-4cb07dca16a8,fb5d8fac-e775-4949-ba80-9432634ba07c,e07abebf-cbd5-4b58-941b-a8cc9af8610f,bc0aec74-8bd2-46c3-8b43-3797e85c23cf
2,1,7,06029b97-694c-41b8-807e-4cb07dca16a8,6848d926-a9d5-4d40-88fd-384e29996b56,e07abebf-cbd5-4b58-941b-a8cc9af8610f,f6c3871e-8439-4c64-a867-8168be65acdd
3,1,8,06029b97-694c-41b8-807e-4cb07dca16a8,ca47ab2a-6d42-4035-bb49-0787636ff6a1,e07abebf-cbd5-4b58-941b-a8cc9af8610f,3f6d3f7e-104b-4fff-8282-5983efc7df0f
4,1,14,06029b97-694c-41b8-807e-4cb07dca16a8,a8220c47-680f-42a2-8299-47354d8b0e5d,e07abebf-cbd5-4b58-941b-a8cc9af8610f,a580fe43-8d06-49a3-b75e-df36314ddea0
5,2,4,06029b97-694c-41b8-807e-4cb07dca16a8,668776dd-d8ee-491f-83d6-ef427deb05db,5ba5be2c-1d23-42c4-b7fc-6d6bbe4b0f9e,a162c1a7-bf2c-4d3b-8f38-17e608624264
6,2,5,06029b97-694c-41b8-807e-4cb07dca16a8,9eeac552-13eb-4063-9920-887cb765e8bd,5ba5be2c-1d23-42c4-b7fc-6d6bbe4b0f9e,c645f0a3-9fd5-4414-8324-c960983f79d4
7,2,11,06029b97-694c-41b8-807e-4cb07dca16a8,4af31eb5-4aef-443b-8407-f01e8060deb6,5ba5be2c-1d23-42c4-b7fc-6d6bbe4b0f9e,6813db02-e1c6-4a4d-8be1-63acdc681fd8
8,2,12,06029b97-694c-41b8-807e-4cb07dca16a8,599e7032-8861-42cb-8b27-f430e87d0eef,5ba5be2c-1d23-42c4-b7fc-6d6bbe4b0f9e,e510799d-906a-4ea9-bb04-8baf02b96772
9,2,13,06029b97-694c-41b8-807e-4cb07dca16a8,4215df72-3825-4266-84eb-5e319c0364db,5ba5be2c-1d23-42c4-b7fc-6d6bbe4b0f9e,f743a562-a3c8-4951-86a1-5c709a576589
10,3,4,06029b97-694c-41b8-807e-4cb07dca16a8,2d344250-c992-41a6-986f-f53548e5c73c,bc0aec74-8bd2-46c3-8b43-3797e85c23cf,a162c1a7-bf2c-4d3b-8f38-17e608624264
11,3,6,06029b97-694c-41b8-807e-4cb07dca16a8,efb89b3e-0d31-49a0-953d-79b53875adcb,bc0aec74-8bd2-46c3-8b43-3797e85c23cf,aecbf17e-9a82-4aa1-9955-7e44d701f95e
12,3,9,06029b97-694c-41b8-807e-4cb07dca16a8,fda620ca-b32c-4a55-ac22-ddb5f01b5712,bc0aec74-8bd2-46c3-8b43-3797e85c23cf,64061c1d-fb1d-47a4-8940-0bee121a0cf7
13,3,12,06029b97-694c-41b8-807e-4cb07dca16a8,3b8481e9-f7d9-41f7-903e-eb25878f8f75,bc0aec74-8bd2-46c3-8b43-3797e85c23cf,e510799d-906a-4ea9-bb04-8baf02b96772
14,3,13,06029b97-694c-41b8-807e-4cb07dca16a8,0debd661-f614-4e9f-b3cf-971c2f87ef33,bc0aec74-8bd2-46c3-8b43-3797e85c23cf,f743a562-a3c8-4951-86a1-5c709a576589
15,3,14,06029b97-694c-41b8-807e-4cb07dca16a8,ef6dccdd-a8a3-4b0e-b41d-ad3913643823,bc0aec74-8bd2-46c3-8b43-3797e85c23cf,a580fe43-8d06-49a3-b75e-df36314ddea0
16,3,15,06029b97-694c-41b8-807e-4cb07dca16a8,807bf975-7b2c-488d-bda9-bafcac6c79be,bc0aec74-8bd2-46c3-8b43-3797e85c23cf,8a42b8e2-fda9-4e69-a2a7-d58e6f226c12
17,4,5,06029b97-694c-41b8-807e-4cb07dca16a8,db5f1f46-b592-4b5f-8e3e-b39292a55296,a162c1a7-bf2c-4d3b-8f38-17e608624264,c645f0a3-9fd5-4414-8324-c960983f79d4
18,4,6,06029b97-694c-41b8-807e-4cb07dca16a8,a9959cb3-143b-456f-b752-68465b9baaf8,a162c1a7-bf2c-4d3b-8f38-17e608624264,aecbf17e-9a82-4aa1-9955-7e44d701f95e
19,4,12,06029b97-694c-41b8-807e-4cb07dca16a8,703d38d0-8751-4848-901a-4990714e4ed9,a162c1a7-bf2c-4d3b-8f38-17e608624264,e510799d-906a-4ea9-bb04-8baf02b96772
20,6,8,06029b97-694c-41b8-807e-4cb07dca16a8,9c4cb84a-03f0-4fd5-9674-0367682e5a6a,aecbf17e-9a82-4aa1-9955-7e44d701f95e,3f6d3f7e-104b-4fff-8282-5983efc7df0f
21,6,14,06029b97-694c-41b8-807e-4cb07dca16a8,b42b707c-1293-4de1-a218-13eae4f60e78,aecbf17e-9a82-4aa1-9955-7e44d701f95e,a580fe43-8d06-49a3-b75e-df36314ddea0
22,6,15,06029b97-694c-41b8-807e-4cb07dca16a8,77f9c27b-a996-4859-aeb3-54beda002533,aecbf17e-9a82-4aa1-9955-7e44d701f95e,8a42b8e2-fda9-4e69-a2a7-d58e6f226c12
23,7,9,06029b97-694c-41b8-807e-4cb07dca16a8,5d9656ef-b2e2-4714-9ea4-1534f364a687,f6c3871e-8439-4c64-a867-8168be65acdd,64061c1d-fb1d-47a4-8940-0bee121a0cf7
24,7,14,06029b97-694c-41b8-807e-4cb07dca16a8,f8bf70c7-a2df-4682-8a92-3e2f55ccdd85,f6c3871e-8439-4c64-a867-8168be65acdd,a580fe43-8d06-49a3-b75e-df36314ddea0
25,7,15,06029b97-694c-41b8-807e-4cb07dca16a8,e7337691-e880-455d-a53a-e2f4371882b4,f6c3871e-8439-4c64-a867-8168be65acdd,8a42b8e2-fda9-4e69-a2a7-d58e6f226c12
26,9,14,06029b97-694c-41b8-807e-4cb07dca16a8,7d8ddc52-3446-4e3e-be38-7ef759ada1ca,64061c1d-fb1d-47a4-8940-0bee121a0cf7,a580fe43-8d06-49a3-b75e-df36314ddea0
27,9,15,06029b97-694c-41b8-807e-4cb07dca16a8,44dd93a9-0bf7-4d6e-bd37-95d01e3f5242,64061c1d-fb1d-47a4-8940-0bee121a0cf7,8a42b8e2-fda9-4e69-a2a7-d58e6f226c12
28,10,13,06029b97-694c-41b8-807e-4cb07dca16a8,2b9f7fb0-1120-43e2-b14b-5b6afc002752,a6021fce-167f-4850-bda6-38bbc6a9662b,f743a562-a3c8-4951-86a1-5c709a576589
29,11,12,06029b97-694c-41b8-807e-4cb07dca16a8,87594453-7de7-4c84-831f-a573d8c655d6,6813db02-e1c6-4a4d-8be1-63acdc681fd8,e510799d-906a-4ea9-bb04-8baf02b96772
30,11,13,06029b97-694c-41b8-807e-4cb07dca16a8,84e7a0c1-515b-45e1-a51a-a80850dfaa97,6813db02-e1c6-4a4d-8be1-63acdc681fd8,f743a562-a3c8-4951-86a1-5c709a576589
31,12,13,06029b97-694c-41b8-807e-4cb07dca16a8,b13869b6-d944-40d2-a3a8-a578e2481a91,e510799d-906a-4ea9-bb04-8baf02b96772,f743a562-a3c8-4951-86a1-5c709a576589
32,12,14,06029b97-694c-41b8-807e-4cb07dca16a8,9d60c5d8-d7a3-4065-bb6c-fb1a8f27a3bb,e510799d-906a-4ea9-bb04-8baf02b96772,a580fe43-8d06-49a3-b75e-df36314ddea0
33,12,15,06029b97-694c-41b8-807e-4cb07dca16a8,9a904785-e8c6-4c80-9a64-9260a31638f1,e510799d-906a-4ea9-bb04-8baf02b96772,8a42b8e2-fda9-4e69-a2a7-d58e6f226c12
34,13,14,06029b97-694c-41b8-807e-4cb07dca16a8,70029b22-addc-4f69-81d5-efe880c071d6,f743a562-a3c8-4951-86a1-5c709a576589,a580fe43-8d06-49a3-b75e-df36314ddea0
1,2,4,aff41946-2537-401a-a542-d53d6c177529,0e7b3dde-3edd-479b-bf6d-7c61278f52ec,3945579e-67f4-46bd-abe5-de1a1112c92e,85214ab0-6643-43a1-8f19-26b590100c37
2,2,7,aff41946-2537-401a-a542-d53d6c177529,cb79412e-4a7e-4b15-873d-b001ebf965e3,3945579e-67f4-46bd-abe5-de1a1112c92e,3b6da20a-a194-488a-befa-bcb1a0a1a72b
3,2,8,aff41946-2537-401a-a542-d53d6c177529,42466c49-4d66-4a0a-81ff-9631b11cd089,3945579e-67f4-46bd-abe5-de1a1112c92e,42ec3105-1eaa-47e0-a6f8-f8e733ad5f5e
4,5,7,aff41946-2537-401a-a542-d53d6c177529,ca81a939-5f2b-4f11-9e1a-f2f83deb9036,a523288c-8ef2-4d60-a4a5-82c8a4d40d60,3b6da20a-a194-488a-befa-bcb1a0a1a72b
5,6,8,aff41946-2537-401a-a542-d53d6c177529,b8626c71-a35b-4f5c-b668-244f16e215e4,297dd6f6-957e-4719-aef2-9f39ff792984,42ec3105-1eaa-47e0-a6f8-f8e733ad5f5e
6,10,11,aff41946-2537-401a-a542-d53d6c177529,920da179-9618-4b27-92e3-91f0dbcc75f0,905d577f-d515-469e-90fa-0dd6d85c9868,3288c616-3e50-448e-a4f8-1fc5e45abd67
7,13,15,aff41946-2537-401a-a542-d53d6c177529,9729292c-d337-4080-9060-3f1c8822ea37,79de8629-5c46-4b40-bed5-4636ff74d3f4,1ff9cc42-c4c6-4833-a23d-1340d618ff41
