networkCanvasEgoUUID,ego_id,sessionStart,sessionFinish,ego_gender,ego_age,ego_lang,mean_cs_global,n_cs_dyads,Spanish,English,Spanish-English,cs_context_community,cs_context_family,cs_context_school,cs_context_social,cs_context_work,cs_close_high,cs_close_low,cs_close_mid,spanish_age_26_35,spanish_age_36_45,spanish_age_46_55,spanish_age_56_65,spanish_age_65_99,spanish_age_10_17,spanish_age_18_25,spanish_age_0_9
4bc7e51b-a8af-4881-982e-12cfb2b1e9e3,annbea01,2026-04-20T09:00:00Z,2026-04-20T11:05:00Z,female,28,"English,Spanish",4,15,NA,NA,1,4,4,4,4,4,4,4,4,1,1,1,1,1,1,1,1
fe801e88-5207-4550-a877-b072e25bebf4,carrod02,2026-04-20T09:00:00Z,2026-04-20T11:05:00Z,male,34,"English,Spanish",NA,0,0.4666666666666667,0.5333333333333333,NA,NA,NA,NA,NA,NA,NA,NA,NA,0,NA,NA,0.3333333333333333,1,0.5,0,0.5
f68dccfc-29d6-47ab-ab7e-93b5ace9c226,davlop07,2026-04-20T09:00:00Z,2026-04-20T11:05:00Z,male,38,English,2.3333333333333335,3,NA,0.8,0.2,2,NA,3,2,NA,NA,2.5,2,0,0.25,NA,1,0,0,0,0.5
96f49992-a293-45b1-bd84-ccedf42d66fc,isaben08,2026-04-20T09:00:00Z,2026-04-20T11:05:00Z,female,22,"English,Spanish",3.4,5,0.3333333333333333,0.3333333333333333,0.3333333333333333,3.5,NA,NA,NA,3.3333333333333335,3.3333333333333335,3,4,1,1,1,1,1,0,0.6666666666666666,0
22e0f2c8-ddde-4271-bb6b-e9ec7fa6da6b,josmar03,2026-04-20T09:00:00Z,2026-04-20T11:05:00Z,non_binary,26,"English,Spanish",NA,0,0.4666666666666667,0.5333333333333333,NA,NA,NA,NA,NA,NA,NA,NA,NA,0.5,0.4,0,1,0.5,0,1,NA
82d2ef44-8636-4214-ba7b-4694793321d2,luiher04,2026-04-20T09:00:00Z,2026-04-20T11:05:00Z,male,31,"English,Spanish",3.4,5,0.3333333333333333,0.3333333333333333,0.3333333333333333,NA,NA,4,2.5,NA,3,3,4,1,0,0.6666666666666666,1,0.5,NA,0.5,NA
28202870-0e8a-4600-9434-c280eff762cd,marsan05,2026-04-20T09:00:00Z,2026-04-20T11:05:00Z,female,23,"English,Spanish",4,15,NA,NA,1,4,4,4,4,4,4,4,4,1,NA,NA,1,1,1,1,1
06029b97-694c-41b8-807e-4cb07dca16a8,sofrom06,2026-04-20T09:00:00Z,2026-04-20T11:05:00Z,female,29,"English,Spanish",2.066666666666667,15,NA,NA,1,3,4,1,2,1,2.3,1.75,1,1,1,1,1,1,NA,NA,NA
aff41946-2537-401a-a542-d53d6c177529,tomgar09,2026-04-20T09:00:00Z,2026-04-20T11:05:00Z,male,45,"English,Spanish",NA,0,0.4666666666666667,0.5333333333333333,NA,NA,NA,NA,NA,NA,NA,NA,NA,1,0.25,1,0,1,1,0,1
